year,population_pred,upper,lower
2025,1095180.5802075327,1100929.9817834496,1089431.1786316158
2026,1099515.0021690654,1105264.4037449823,1093765.6005931485
2027,1103407.4504311485,1109156.8520070654,1097658.0488552316
2028,1106902.992306734,1112652.3938826509,1101153.590730817
2029,1110042.0996708565,1115791.5012467734,1104292.6980949396
