year,population_pred,county
2025,18734.072904072345,Appling County
2026,18813.651818597325,Appling County
2027,18926.270014305428,Appling County
2028,19001.359357693866,Appling County
2029,19089.27553615406,Appling County
2030,19183.443825247716,Appling County
2031,19262.222213475037,Appling County
2032,19347.24066664342,Appling County
2033,19430.879375739805,Appling County
2034,19507.83584191651,Appling County
