year,population_pred,county
2025,8549.483609038389,Atkinson County
2026,8647.840076171702,Atkinson County
2027,8750.39609062554,Atkinson County
2028,8844.923201201706,Atkinson County
2029,8936.723188798693,Atkinson County
2030,9022.350653147729,Atkinson County
2031,9103.183602937701,Atkinson County
2032,9178.35950427256,Atkinson County
2033,9248.399559705738,Atkinson County
2034,9313.293525751025,Atkinson County
