year,population_pred,county
2025,11031.7192527545,Bacon County
2026,10996.930522101797,Bacon County
2027,10943.202937884173,Bacon County
2028,10906.646227749363,Bacon County
2029,10866.853704012134,Bacon County
2030,10821.250853388017,Bacon County
2031,10778.394932739411,Bacon County
2032,10734.385560548015,Bacon County
2033,10687.85863922361,Bacon County
2034,10640.61401064237,Bacon County
