year,population_pred,county
2025,2719.6140098072474,Baker County
2026,2700.202502252996,Baker County
2027,2681.6919704527972,Baker County
2028,2667.635678342016,Baker County
2029,2655.526505219809,Baker County
2030,2644.6736092658793,Baker County
2031,2636.192409594196,Baker County
2032,2630.5471354703145,Baker County
2033,2627.7257492405606,Baker County
2034,2627.9957395068745,Baker County
