year,population_pred,county
2025,43688.13815850321,Baldwin County
2026,43818.36821652082,Baldwin County
2027,43903.539993502236,Baldwin County
2028,44001.62076911824,Baldwin County
2029,44081.161296605824,Baldwin County
2030,44153.22696078664,Baldwin County
2031,44208.90503019475,Baldwin County
2032,44248.97548989219,Baldwin County
2033,44269.89444504783,Baldwin County
2034,44270.46093334478,Baldwin County
