year,population_pred,county
2025,20957.92897317199,Banks County
2026,21573.566037563796,Banks County
2027,22079.549816523355,Banks County
2028,22585.423189756068,Banks County
2029,23117.753926516933,Banks County
2030,23615.52630472874,Banks County
2031,24071.620188282563,Banks County
2032,24519.899999521032,Banks County
2033,24964.046789602697,Banks County
2034,25390.809078998554,Banks County
