year,population_pred,county
2025,99575.03900368609,Barrow County
2026,103119.17077951535,Barrow County
2027,106985.62828691943,Barrow County
2028,111198.7808316019,Barrow County
2029,115795.31792543961,Barrow County
2030,120816.97777810517,Barrow County
2031,126304.04283762767,Barrow County
2032,132294.89794020556,Barrow County
2033,138827.12759630792,Barrow County
2034,145938.51916629286,Barrow County
