year,population_pred,county
2025,120725.56667608737,Bartow County
2026,124929.44096452981,Bartow County
2027,130717.54286972036,Bartow County
2028,138824.3418587489,Bartow County
2029,150315.44812628237,Bartow County
2030,166424.58621545043,Bartow County
2031,188550.12773608798,Bartow County
2032,218068.4392642757,Bartow County
2033,256544.2154708104,Bartow County
2034,306282.6177662988,Bartow County
