year,population_pred,county
2025,16895.399301515412,Ben Hill County
2026,16879.693279153496,Ben Hill County
2027,16755.28997334614,Ben Hill County
2028,16700.910852545938,Ben Hill County
2029,16646.91151880337,Ben Hill County
2030,16554.842380286267,Ben Hill County
2031,16492.019444342728,Ben Hill County
2032,16423.829860280475,Ben Hill County
2033,16342.198886607486,Ben Hill County
2034,16271.305692676673,Ben Hill County
