year,population_pred,county
2025,18825.960459309303,Berrien County
2026,19037.771144978884,Berrien County
2027,19195.306191701984,Berrien County
2028,19372.90729686308,Berrien County
2029,19565.448191492007,Berrien County
2030,19750.846476750627,Berrien County
2031,19945.208228921714,Berrien County
2032,20147.95301394338,Berrien County
2033,20354.728637351895,Berrien County
2034,20569.210275563128,Berrien County
