year,population_pred,county
2025,157426.5133434546,Bibb County
2026,157817.88192277786,Bibb County
2027,158211.47543890728,Bibb County
2028,158609.31561539538,Bibb County
2029,159014.32138183626,Bibb County
2030,159427.29426095713,Bibb County
2031,159849.17423331435,Bibb County
2032,160280.92832684156,Bibb County
2033,160723.35730681402,Bibb County
2034,161177.13033077345,Bibb County
