year,population_pred,county
2025,12752.047053917358,Bleckley County
2026,12891.972236263644,Bleckley County
2027,13047.041591474212,Bleckley County
2028,13200.69544134904,Bleckley County
2029,13354.07465451433,Bleckley County
2030,13511.099300614886,Bleckley County
2031,13670.49877825117,Bleckley County
2032,13830.838756547475,Bleckley County
2033,13992.132478296944,Bleckley County
2034,14154.29824512079,Bleckley County
