year,population_pred,county
2025,18920.986672292187,Brantley County
2026,19144.207338784014,Brantley County
2027,19456.757888294855,Brantley County
2028,19584.119174303734,Brantley County
2029,19768.808972757797,Brantley County
2030,19997.27489495521,Brantley County
2031,20087.594944119264,Brantley County
2032,20208.12884188648,Brantley County
2033,20345.700974357693,Brantley County
2034,20381.35302609535,Brantley County
