year,population_pred,county
2025,16393.36605625199,Brooks County
2026,16447.534900314306,Brooks County
2027,16498.168243586177,Brooks County
2028,16547.64545452254,Brooks County
2029,16595.32207711408,Brooks County
2030,16641.474762290625,Brooks County
2031,16686.118979782845,Brooks County
2032,16729.35428219354,Brooks County
2033,16771.260114275407,Brooks County
2034,16811.924761411232,Brooks County
