year,population_pred,county
2025,52531.3878983243,Bryan County
2026,53945.83421663396,Bryan County
2027,55417.37861821332,Bryan County
2028,56921.32377746629,Bryan County
2029,58465.49143780479,Bryan County
2030,60047.9417545085,Bryan County
2031,61670.8263047372,Bryan County
2032,63335.5947732933,Bryan County
2033,65044.40303402582,Bryan County
2034,66799.49455195786,Bryan County
