year,population_pred,county
2025,87158.3429327653,Bulloch County
2026,88614.91450373016,Bulloch County
2027,90084.82669616054,Bulloch County
2028,91724.22237115834,Bulloch County
2029,93338.89752321644,Bulloch County
2030,95007.03706095187,Bulloch County
2031,96762.47320199154,Bulloch County
2032,98563.5652125182,Bulloch County
2033,100435.84540590383,Bulloch County
2034,102389.70607783057,Bulloch County
