year,population_pred,county
2025,24539.225402207856,Burke County
2026,24626.702912658377,Burke County
2027,24728.04605445267,Burke County
2028,24837.5044312934,Burke County
2029,24949.990789411695,Burke County
2030,25061.17313046878,Burke County
2031,25167.518107266118,Burke County
2032,25266.28595244885,Burke County
2033,25355.478660246736,Burke County
2034,25433.751152050605,Burke County
