year,population_pred,county
2025,27494.336347796438,Butts County
2026,27761.94265570804,Butts County
2027,28022.180090748137,Butts County
2028,28314.15219341277,Butts County
2029,28582.872735193396,Butts County
2030,28834.93973595971,Butts County
2031,29086.511307159642,Butts County
2032,29326.393160123087,Butts County
2033,29551.850566993475,Butts County
2034,29767.118982481228,Butts County
