year,population_pred,county
2025,5426.702819489401,Calhoun County
2026,5408.785878965829,Calhoun County
2027,5392.99275600466,Calhoun County
2028,5375.312210299039,Calhoun County
2029,5357.587480700784,Calhoun County
2030,5338.007927478965,Calhoun County
2031,5316.875767554184,Calhoun County
2032,5293.073835947278,Calhoun County
2033,5266.183166955345,Calhoun County
2034,5235.153552653063,Calhoun County
