year,population_pred,county
2025,60282.28743984247,Camden County
2026,61425.66688838526,Camden County
2027,62624.614581566144,Camden County
2028,63882.60556310295,Camden County
2029,65170.123474221706,Camden County
2030,66507.74774014115,Camden County
2031,67902.39785574818,Camden County
2032,69348.30612879031,Camden County
2033,70850.36330986035,Camden County
2034,72412.1009980462,Camden County
