year,population_pred,county
2025,11154.87747687488,Candler County
2026,11188.035266462852,Candler County
2027,11221.9994320149,Candler County
2028,11256.826702892726,Candler County
2029,11293.381962629133,Candler County
2030,11331.796884429343,Candler County
2031,11372.15124661569,Candler County
2032,11414.56349199683,Candler County
2033,11459.124147658027,Candler County
2034,11505.891116415212,Candler County
