year,population_pred,county
2025,132655.7777937185,Carroll County
2026,135433.55802641794,Carroll County
2027,138350.5196736694,Carroll County
2028,141348.90378652926,Carroll County
2029,144492.13885906583,Carroll County
2030,147749.1113640506,Carroll County
2031,151158.58441906067,Carroll County
2032,154703.96768079838,Carroll County
2033,158408.81401328652,Carroll County
2034,162264.27120123513,Carroll County
