year,population_pred,county
2025,68903.21908025572,Catoosa County
2026,68843.21178479714,Catoosa County
2027,68754.73151444778,Catoosa County
2028,68632.65583767617,Catoosa County
2029,68466.51473531604,Catoosa County
2030,68246.19948145642,Catoosa County
2031,67958.97730919236,Catoosa County
2032,67590.8323519342,Catoosa County
2033,67124.81363102546,Catoosa County
2034,66540.7328608566,Catoosa County
