year,population_pred,county
2025,13074.631960761248,Charlton County
2026,13161.008377774757,Charlton County
2027,13235.384722020879,Charlton County
2028,13296.383623725424,Charlton County
2029,13358.275092127164,Charlton County
2030,13412.905073481508,Charlton County
2031,13459.055214103784,Charlton County
2032,13499.392434991934,Charlton County
2033,13532.424893758096,Charlton County
2034,13557.750361550867,Charlton County
