year,population_pred,county
2025,311670.4828572081,Chatham County
2026,315169.2610201114,Chatham County
2027,318642.13165904814,Chatham County
2028,322677.1377914387,Chatham County
2029,326496.5451692183,Chatham County
2030,330412.383929088,Chatham County
2031,334556.4458368557,Chatham County
2032,338700.69290855643,Chatham County
2033,342957.66941869084,Chatham County
2034,347352.3693164013,Chatham County
