year,population_pred,county
2025,25471.200510239294,Chattooga County
2026,25633.292047875664,Chattooga County
2027,25771.424764163934,Chattooga County
2028,25905.71662444196,Chattooga County
2029,26022.824486022328,Chattooga County
2030,26123.224764906507,Chattooga County
2031,26207.20988315152,Chattooga County
2032,26272.36245619913,Chattooga County
2033,26319.074563137405,Chattooga County
2034,26347.21091890317,Chattooga County
