year,population_pred,county
2025,8535.948566031115,Chattahoochee County
2026,8543.714608961924,Chattahoochee County
2027,8591.61791455098,Chattahoochee County
2028,8688.176196928467,Chattahoochee County
2029,8837.172482483198,Chattahoochee County
2030,9041.784566352033,Chattahoochee County
2031,9302.00081036671,Chattahoochee County
2032,9611.818470717204,Chattahoochee County
2033,9957.728847417824,Chattahoochee County
2034,10318.599047865871,Chattahoochee County
