year,population_pred,county
2025,299876.17657313787,Cherokee County
2026,306430.2382535753,Cherokee County
2027,313147.7466573785,Cherokee County
2028,320036.6703573308,Cherokee County
2029,327095.268128883,Cherokee County
2030,334323.4481726397,Cherokee County
2031,341719.58381229977,Cherokee County
2032,349281.58794147207,Cherokee County
2033,357006.9913015622,Cherokee County
2034,364893.3151899462,Cherokee County
