year,population_pred,county
2025,130087.53049428668,Clarke County
2026,130146.47123196309,Clarke County
2027,130058.37155654802,Clarke County
2028,129979.18285290423,Clarke County
2029,129844.62761155094,Clarke County
2030,129621.06778462672,Clarke County
2031,129318.39171116691,Clarke County
2032,128916.71059275024,Clarke County
2033,128396.42082534172,Clarke County
2034,127742.88179024635,Clarke County
