year,population_pred,county
2025,295796.6847932802,Clayton County
2026,294292.5385642176,Clayton County
2027,291696.78837714554,Clayton County
2028,287706.0269739216,Clayton County
2029,282671.9732380968,Clayton County
2030,276091.7425342598,Clayton County
2031,267214.30661383335,Clayton County
2032,255509.85423900647,Clayton County
2033,240098.6996465209,Clayton County
2034,219378.10035014636,Clayton County
