year,population_pred,county
2025,2746.1025180064507,Clay County
2026,2685.3359433058386,Clay County
2027,2627.509867958138,Clay County
2028,2565.12176785454,Clay County
2029,2494.8481605057987,Clay County
2030,2413.9202531026112,Clay County
2031,2317.4171250132986,Clay County
2032,2197.1567638967927,Clay County
2033,2039.6456883184537,Clay County
2034,1820.7306979755326,Clay County
