year,population_pred,county
2025,6890.781715718713,Clinch County
2026,6959.238565435128,Clinch County
2027,7025.83309486702,Clinch County
2028,7068.650781213902,Clinch County
2029,7121.242535329325,Clinch County
2030,7178.5808349764675,Clinch County
2031,7226.472243261753,Clinch County
2032,7273.360193192043,Clinch County
2033,7322.0079380651,Clinch County
2034,7366.971385035323,Clinch County
