year,population_pred,county
2025,793717.4473400657,Cobb County
2026,799760.4435020098,Cobb County
2027,805847.1446654215,Cobb County
2028,812025.4793888733,Cobb County
2029,818368.7975838743,Cobb County
2030,824917.3364634098,Cobb County
2031,831714.0651734913,Cobb County
2032,838794.0609797782,Cobb County
2033,846193.083026745,Cobb County
2034,853945.9290046581,Cobb County
