year,population_pred,county
2025,44130.87148536367,Coffee County
2026,44308.67192183411,Coffee County
2027,44651.5825290797,Coffee County
2028,44931.737881923866,Coffee County
2029,45118.99738656352,Coffee County
2030,45418.88829161848,Coffee County
2031,45683.65524165261,Coffee County
2032,45867.68822070702,Coffee County
2033,46125.751167644325,Coffee County
2034,46365.634497603736,Coffee County
