year,population_pred,county
2025,47318.6985655126,Colquitt County
2026,47752.41854313878,Colquitt County
2027,48189.11486083972,Colquitt County
2028,48570.99208577027,Colquitt County
2029,48956.85581011558,Colquitt County
2030,49342.23888164468,Colquitt County
2031,49700.598865917134,Colquitt County
2032,50042.834688065464,Colquitt County
2033,50373.90811530268,Colquitt County
2034,50685.99517411996,Colquitt County
