year,population_pred,county
2025,169991.48323605827,Columbia County
2026,172546.0137080782,Columbia County
2027,175135.76969824368,Columbia County
2028,177863.58400764433,Columbia County
2029,180698.77624180264,Columbia County
2030,183654.12903074146,Columbia County
2031,186747.2009375591,Columbia County
2032,189985.84609573588,Columbia County
2033,193381.72851965082,Columbia County
2034,196946.5802901097,Columbia County
