year,population_pred,county
2025,18117.358457895312,Cook County
2026,18400.920691319094,Cook County
2027,18669.484720190525,Cook County
2028,18812.66864204095,Cook County
2029,19025.33124115904,Cook County
2030,19286.387498685606,Cook County
2031,19445.03648875538,Cook County
2032,19601.368364764687,Cook County
2033,19822.805906707217,Cook County
2034,19989.52294000931,Cook County
