year,population_pred,county
2025,160562.9762524299,Coweta County
2026,162604.64334657713,Coweta County
2027,164878.3498786718,Coweta County
2028,167143.2934159725,Coweta County
2029,169569.81215687696,Coweta County
2030,172074.3141701654,Coweta County
2031,174714.27896476304,Coweta County
2032,177461.02298621763,Coweta County
2033,180333.58481598424,Coweta County
2034,183321.2876659619,Coweta County
