year,population_pred,county
2025,12353.256650572857,Crawford County
2026,12384.922271858115,Crawford County
2027,12414.48105910528,Crawford County
2028,12435.498404212627,Crawford County
2029,12454.924443677151,Crawford County
2030,12473.394155171432,Crawford County
2031,12489.02892143818,Crawford County
2032,12501.61988993048,Crawford County
2033,12511.42589404247,Crawford County
2034,12518.316681715734,Crawford County
