year,population_pred,county
2025,19331.541220492272,Crisp County
2026,19162.574784393983,Crisp County
2027,19014.036573080004,Crisp County
2028,18857.94989028534,Crisp County
2029,18710.512335825853,Crisp County
2030,18564.116812495267,Crisp County
2031,18424.40075525279,Crisp County
2032,18290.190756493255,Crisp County
2033,18164.543317128326,Crisp County
2034,18048.90839044626,Crisp County
