year,population_pred,county
2025,16013.105712487046,Dade County
2026,15916.62020388285,Dade County
2027,15837.541750768098,Dade County
2028,15748.577734859951,Dade County
2029,15663.719335665202,Dade County
2030,15576.193789763314,Dade County
2031,15489.350278830969,Dade County
2032,15401.496230430199,Dade County
2033,15313.399775887812,Dade County
2034,15224.592740187974,Dade County
