year,population_pred,county
2025,35803.99533112834,Dawson County
2026,38101.09667396198,Dawson County
2027,40595.36627630026,Dawson County
2028,43353.08565292296,Dawson County
2029,46383.64895317102,Dawson County
2030,49716.04853442468,Dawson County
2031,53369.62461951269,Dawson County
2032,57369.850297617166,Dawson County
2033,61743.148291898986,Dawson County
2034,66519.92568463855,Dawson County
