year,population_pred,county
2025,29845.07025701231,Decatur County
2026,30511.277454620562,Decatur County
2027,31384.27624286984,Decatur County
2028,32460.561299121036,Decatur County
2029,33705.6875869006,Decatur County
2030,35083.844340405354,Decatur County
2031,36544.27981005507,Decatur County
2032,38051.93478747443,Decatur County
2033,39580.987827117046,Decatur County
2034,41133.40041006849,Decatur County
