year,population_pred,county
2025,773456.4793404925,DeKalb County
2026,776700.7522829045,DeKalb County
2027,779700.8496838092,DeKalb County
2028,782807.2905825935,DeKalb County
2029,786008.2189506736,DeKalb County
2030,789223.2322387742,DeKalb County
2031,792496.3639259619,DeKalb County
2032,795848.2441612044,DeKalb County
2033,799272.7366254942,DeKalb County
2034,802779.307411312,DeKalb County
