year,population_pred,county
2025,19613.84951588226,Dodge County
2026,19518.743282602783,Dodge County
2027,19426.111105140037,Dodge County
2028,19370.46070696152,Dodge County
2029,19298.083075773964,Dodge County
2030,19236.296242306933,Dodge County
2031,19189.697125385297,Dodge County
2032,19147.919993351945,Dodge County
2033,19120.577291127076,Dodge County
2034,19109.558475634276,Dodge County
