year,population_pred,county
2025,11110.974392507618,Dooly County
2026,11295.14831260296,Dooly County
2027,11481.17335882708,Dooly County
2028,11558.544653161869,Dooly County
2029,11726.316665579674,Dooly County
2030,11959.880319737153,Dooly County
2031,12180.340628141104,Dooly County
2032,12453.069871773965,Dooly County
2033,12802.141505892661,Dooly County
2034,13192.752906382753,Dooly County
