year,population_pred,county
2025,82198.18047941488,Dougherty County
2026,82004.95173627265,Dougherty County
2027,81842.60642323918,Dougherty County
2028,81723.87181220726,Dougherty County
2029,81659.28044269717,Dougherty County
2030,81661.8784606871,Dougherty County
2031,81745.16199086772,Dougherty County
2032,81924.07571490656,Dougherty County
2033,82214.4139719244,Dougherty County
2034,82632.766255733,Dougherty County
