year,population_pred,county
2025,154228.88351558687,Douglas County
2026,156642.10002744576,Douglas County
2027,159111.32983541177,Douglas County
2028,161641.07364764233,Douglas County
2029,164238.41390791113,Douglas County
2030,166908.33353429314,Douglas County
2031,169655.41704698122,Douglas County
2032,172483.47443573573,Douglas County
2033,175395.5420867089,Douglas County
2034,178393.91610712913,Douglas County
