year,population_pred,county
2025,10461.459410814823,Early County
2026,10298.794730660928,Early County
2027,10358.191207633088,Early County
2028,10148.60246939615,Early County
2029,10273.688451259266,Early County
2030,9993.25264188857,Early County
2031,10215.892016900976,Early County
2032,9826.383447642276,Early County
2033,10193.418577715207,Early County
2034,9635.980506273409,Early County
