year,population_pred,county
2025,3699.98795524129,Echols County
2026,3720.6195246547745,Echols County
2027,3694.504561969381,Echols County
2028,3695.915878763207,Echols County
2029,3702.816420494181,Echols County
2030,3684.61880307512,Echols County
2031,3683.11834663889,Echols County
2032,3681.6285840298633,Echols County
2033,3666.633584154781,Echols County
2034,3661.106239570461,Echols County
