year,population_pred,county
2025,75391.58190416318,Effingham County
2026,78171.91471194918,Effingham County
2027,80395.52869611891,Effingham County
2028,82993.17459238373,Effingham County
2029,86240.72452757275,Effingham County
2030,89284.87469149631,Effingham County
2031,92598.86709196307,Effingham County
2032,96607.71314921987,Effingham County
2033,100719.2179762816,Effingham County
2034,105111.00369188515,Effingham County
