year,population_pred,county
2025,20303.597354070276,Elbert County
2026,20459.174550738,Elbert County
2027,20619.655511662335,Elbert County
2028,20785.746028552036,Elbert County
2029,20958.001248611592,Elbert County
2030,21136.844483236517,Elbert County
2031,21322.57345229121,Elbert County
2032,21515.36510268841,Elbert County
2033,21715.28235074647,Elbert County
2034,21922.283572541695,Elbert County
