year,population_pred,county
2025,23341.75630304586,Emanuel County
2026,23451.725673837063,Emanuel County
2027,23562.211533995775,Emanuel County
2028,23673.455374310874,Emanuel County
2029,23784.636155988424,Emanuel County
2030,23896.091314027584,Emanuel County
2031,24007.732136455346,Emanuel County
2032,24119.56841027437,Emanuel County
2033,24231.60579380565,Emanuel County
2034,24343.8475727356,Emanuel County
