year,population_pred,county
2025,10929.327623319872,Evans County
2026,11008.997260608985,Evans County
2027,11091.446046532697,Evans County
2028,11159.730967800773,Evans County
2029,11226.371228845883,Evans County
2030,11288.537256263056,Evans County
2031,11342.534634303367,Evans County
2032,11390.293832703092,Evans County
2033,11431.330544402876,Evans County
2034,11464.960649001476,Evans County
