year,population_pred,county
2025,25774.627364163905,Fannin County
2026,25736.00477803654,Fannin County
2027,25692.610303587062,Fannin County
2028,25639.886560250903,Fannin County
2029,25584.12509775776,Fannin County
2030,25524.37434292246,Fannin County
2031,25458.808469525142,Fannin County
2032,25386.6882853624,Fannin County
2033,25307.19154197458,Fannin County
2034,25219.225451103575,Fannin County
