year,population_pred,county
2025,126481.54551959877,Fayette County
2026,127904.18134453756,Fayette County
2027,129356.71064288518,Fayette County
2028,130814.5559218102,Fayette County
2029,132277.87397573405,Fayette County
2030,133751.749497176,Fayette County
2031,135236.00059558562,Fayette County
2032,136728.8823973623,Fayette County
2033,138230.05987786478,Fayette County
2034,139740.01046074106,Fayette County
