year,population_pred,county
2025,102442.03576400058,Floyd County
2026,103560.95656109706,Floyd County
2027,104741.44058311114,Floyd County
2028,105986.0179857813,Floyd County
2029,107301.21606862782,Floyd County
2030,108696.35788669696,Floyd County
2031,110182.3325217941,Floyd County
2032,111770.66492684073,Floyd County
2033,113472.78461896522,Floyd County
2034,115299.4697615617,Floyd County
