year,population_pred,county
2025,286434.74463554844,Forsyth County
2026,291627.07699124236,Forsyth County
2027,295591.4793201657,Forsyth County
2028,298265.69746416435,Forsyth County
2029,298321.03267456125,Forsyth County
2030,294756.2590528317,Forsyth County
2031,285912.087772185,Forsyth County
2032,268906.80430830363,Forsyth County
2033,239471.09868705366,Forsyth County
2034,190297.8372301599,Forsyth County
