year,population_pred,county
2025,25570.488440853165,Franklin County
2026,26228.865577735334,Franklin County
2027,26932.29863321085,Franklin County
2028,27315.956312496965,Franklin County
2029,27643.41936151054,Franklin County
2030,28312.591919053382,Franklin County
2031,29055.6951353291,Franklin County
2032,29432.13459252117,Franklin County
2033,29722.664310299806,Franklin County
2034,30409.48042725293,Franklin County
