year,population_pred,county
2025,11307128.11365107,Georgia
2026,11440233.425277052,Georgia
2027,11576174.011514109,Georgia
2028,11718636.529919771,Georgia
2029,11869854.10768364,Georgia
2030,12030815.267920852,Georgia
2031,12203533.76892994,Georgia
2032,12390443.24834641,Georgia
2033,12594011.14792932,Georgia
2034,12817005.610260151,Georgia
