year,population_pred,county
2025,33816.21383691677,Gilmer County
2026,34300.23119832683,Gilmer County
2027,34804.45226101895,Gilmer County
2028,35312.10127159178,Gilmer County
2029,35838.9194176169,Gilmer County
2030,36376.480503372724,Gilmer County
2031,36934.56427437191,Gilmer County
2032,37509.29237674335,Gilmer County
2033,38107.016098735745,Gilmer County
2034,38726.36144246519,Gilmer County
