year,population_pred,county
2025,3075.4014413365553,Glascock County
2026,3127.6845136024062,Glascock County
2027,3173.829880923005,Glascock County
2028,3218.1562873390453,Glascock County
2029,3256.6924492701414,Glascock County
2030,3286.8313277503703,Glascock County
2031,3309.108754200831,Glascock County
2032,3324.2714266164216,Glascock County
2033,3332.447964621165,Glascock County
2034,3333.900557559681,Glascock County
