year,population_pred,county
2025,86891.57808763132,Glynn County
2026,87254.07930492981,Glynn County
2027,87625.64971450462,Glynn County
2028,88007.9551644608,Glynn County
2029,88402.24689901019,Glynn County
2030,88809.7080018126,Glynn County
2031,89231.4495491689,Glynn County
2032,89668.49802740422,Glynn County
2033,90121.78584407167,Glynn County
2034,90592.14241223941,Glynn County
