year,population_pred,county
2025,61557.91407145318,Gordon County
2026,62347.581086626524,Gordon County
2027,63241.06367065495,Gordon County
2028,64214.08945886673,Gordon County
2029,65208.98798696505,Gordon County
2030,66226.30254059742,Gordon County
2031,67302.58391861647,Gordon County
2032,68454.54794537589,Gordon County
2033,69672.85417707668,Gordon County
2034,70949.62269682132,Gordon County
