year,population_pred,county
2025,26445.285712655994,Grady County
2026,26633.19995035571,Grady County
2027,26825.869187283242,Grady County
2028,27019.8906144622,Grady County
2029,27214.528296875895,Grady County
2030,27410.275134306714,Grady County
2031,27608.11852467641,Grady County
2032,27809.1711787578,Grady County
2033,28014.492124504057,Grady County
2034,28225.00668430497,Grady County
