year,population_pred,county
2025,21404.814320591762,Greene County
2026,21933.035221547667,Greene County
2027,22571.265760892573,Greene County
2028,23070.009538286977,Greene County
2029,23460.220495760856,Greene County
2030,23962.709610136135,Greene County
2031,24603.075562531034,Greene County
2032,25199.16006424224,Greene County
2033,25686.526310908263,Greene County
2034,26207.699889135314,Greene County
