year,population_pred,county
2025,1016309.097714131,Gwinnett County
2026,1028853.0936621481,Gwinnett County
2027,1041471.4745302339,Gwinnett County
2028,1054155.5908677157,Gwinnett County
2029,1066906.4810844795,Gwinnett County
2030,1079731.553125674,Gwinnett County
2031,1092643.2906982072,Gwinnett County
2032,1105658.6485462605,Gwinnett County
2033,1118798.7329205638,Gwinnett County
2034,1132088.645901523,Gwinnett County
