year,population_pred,county
2025,50790.24702757405,Habersham County
2026,51841.86728890572,Habersham County
2027,52914.8782491538,Habersham County
2028,54047.21942312266,Habersham County
2029,55181.04117705606,Habersham County
2030,56358.38267729015,Habersham County
2031,57564.29120474722,Habersham County
2032,58802.60215018288,Habersham County
2033,60078.112392295225,Habersham County
2034,61388.96025298429,Habersham County
