year,population_pred,county
2025,224492.17000844926,Hall County
2026,227463.89680491338,Hall County
2027,230968.51797617655,Hall County
2028,234749.1099877236,Hall County
2029,238436.74297858085,Hall County
2030,241867.55089207125,Hall County
2031,245102.65581643823,Hall County
2032,248278.80854344604,Hall County
2033,251479.97872552145,Hall County
2034,254710.94172744258,Hall County
