year,population_pred,county
2025,8763.593744537142,Hancock County
2026,8751.78086865665,Hancock County
2027,8766.875779303136,Hancock County
2028,8750.805036543228,Hancock County
2029,8734.62271233429,Hancock County
2030,8703.106213908337,Hancock County
2031,8664.30177228714,Hancock County
2032,8614.269568240734,Hancock County
2033,8555.093222452142,Hancock County
2034,8485.733706243715,Hancock County
