year,population_pred,county
2025,32727.177185988534,Haralson County
2026,33348.84706741886,Haralson County
2027,34078.774366086276,Haralson County
2028,34549.97918796698,Haralson County
2029,34849.46806210841,Haralson County
2030,35336.47007969908,Haralson County
2031,36019.93519120828,Haralson County
2032,36569.646706209256,Haralson County
2033,36894.862473766596,Haralson County
2034,37280.83816495745,Haralson County
