year,population_pred,county
2025,37363.57930959791,Harris County
2026,37867.08544133557,Harris County
2027,38262.95060113067,Harris County
2028,38648.71743987886,Harris County
2029,39105.022908630526,Harris County
2030,39569.67783881943,Harris County
2031,40009.643450349504,Harris County
2032,40463.97956798309,Harris County
2033,40946.339509148136,Harris County
2034,41435.86351752378,Harris County
