year,population_pred,county
2025,28385.07781787607,Hart County
2026,28926.548463508967,Hart County
2027,29678.688074233934,Hart County
2028,30193.631749330943,Hart County
2029,30423.18819219425,Hart County
2030,30893.96705802972,Hart County
2031,31713.84119941002,Hart County
2032,32266.210825879494,Hart County
2033,32360.538291543173,Hart County
2034,32715.26616118327,Hart County
