year,population_pred,county
2025,12109.177238796625,Heard County
2026,12248.607150951286,Heard County
2027,12418.251399065299,Heard County
2028,12488.67716971603,Heard County
2029,12532.20831928565,Heard County
2030,12619.83203732496,Heard County
2031,12706.77151730465,Heard County
2032,12753.010386798649,Heard County
2033,12785.558650953268,Heard County
2034,12826.80016204151,Heard County
