year,population_pred,county
2025,263536.4164713518,Henry County
2026,268899.53159615013,Henry County
2027,273972.8584729169,Henry County
2028,278890.45944710873,Henry County
2029,284241.8816701872,Henry County
2030,289706.7719725319,Henry County
2031,295207.90770966676,Henry County
2032,300955.95587096363,Henry County
2033,306916.59022317594,Henry County
2034,313048.75523836253,Henry County
