year,population_pred,county
2025,177539.77393463755,Houston County
2026,180470.74845937348,Houston County
2027,183250.31253607286,Houston County
2028,186147.8902219086,Houston County
2029,188977.0693257105,Houston County
2030,191859.0072445848,Houston County
2031,194714.9649750208,Houston County
2032,197600.31888905127,Houston County
2033,200483.1537244692,Houston County
2034,203390.01969068748,Houston County
