year,population_pred,county
2025,9118.439230497941,Irwin County
2026,9100.030533679375,Irwin County
2027,9089.076129065701,Irwin County
2028,9070.619988715845,Irwin County
2029,9052.868713403948,Irwin County
2030,9036.263058168546,Irwin County
2031,9019.049913169812,Irwin County
2032,9002.027998981488,Irwin County
2033,8985.531190573602,Irwin County
2034,8969.516724990088,Irwin County
