year,population_pred,county
2025,99115.06641489721,Jackson County
2026,104687.40270738491,Jackson County
2027,110675.70150115677,Jackson County
2028,117140.88715787973,Jackson County
2029,124114.42178214181,Jackson County
2030,131630.7954416364,Jackson County
2031,139729.20755824647,Jackson County
2032,148450.17401005753,Jackson County
2033,157836.08097639985,Jackson County
2034,167932.8770252787,Jackson County
