year,population_pred,county
2025,17754.93013698971,Jasper County
2026,18534.69804223413,Jasper County
2027,19119.09118930181,Jasper County
2028,19970.466926394634,Jasper County
2029,20612.357156272563,Jasper County
2030,21543.28843091434,Jasper County
2031,22248.35985398249,Jasper County
2032,23265.45863425258,Jasper County
2033,24039.090145484188,Jasper County
2034,25149.30456082248,Jasper County
