year,population_pred,county
2025,15255.845864077188,Jeff Davis County
2026,15401.151856396327,Jeff Davis County
2027,15540.229837700777,Jeff Davis County
2028,15672.296720324966,Jeff Davis County
2029,15795.521816001272,Jeff Davis County
2030,15908.239895816752,Jeff Davis County
2031,16009.230316377249,Jeff Davis County
2032,16097.60449779928,Jeff Davis County
2033,16172.827447377324,Jeff Davis County
2034,16234.68384997936,Jeff Davis County
