year,population_pred,county
2025,14840.662564388622,Jefferson County
2026,14678.504817875428,Jefferson County
2027,14511.949226932838,Jefferson County
2028,14345.60697515422,Jefferson County
2029,14182.244179397343,Jefferson County
2030,14020.038054702956,Jefferson County
2031,13858.6891054566,Jefferson County
2032,13698.39234484571,Jefferson County
2033,13538.86688919536,Jefferson County
2034,13379.796799732836,Jefferson County
