year,population_pred,county
2025,9018.599108468497,Jenkins County
2026,9183.779014924577,Jenkins County
2027,9330.39693354661,Jenkins County
2028,9452.23725422176,Jenkins County
2029,9545.848032944526,Jenkins County
2030,9609.805010785793,Jenkins County
2031,9644.309446769319,Jenkins County
2032,9650.826207185837,Jenkins County
2033,9631.65696793616,Jenkins County
2034,9589.552619310463,Jenkins County
