year,population_pred,county
2025,9253.566105621543,Johnson County
2026,9276.306555007739,Johnson County
2027,9246.651669814551,Johnson County
2028,9282.925813565771,Johnson County
2029,9309.273780649075,Johnson County
2030,9330.034831834246,Johnson County
2031,9377.654391995033,Johnson County
2032,9432.676880569801,Johnson County
2033,9498.770266218138,Johnson County
2034,9586.228138385915,Johnson County
