year,population_pred,county
2025,29151.57493815457,Jones County
2026,29371.778659616724,Jones County
2027,29523.42713335605,Jones County
2028,29662.060194505742,Jones County
2029,29823.291756821993,Jones County
2030,29974.04909098714,Jones County
2031,30115.807043759472,Jones County
2032,30258.062999882193,Jones County
2033,30396.07602618705,Jones County
2034,30528.44933327216,Jones County
