year,population_pred,county
2025,21437.646626787173,Lamar County
2026,22296.866857570003,Lamar County
2027,22645.556285810926,Lamar County
2028,23308.526901781126,Lamar County
2029,24061.452375903922,Lamar County
2030,24431.586918563822,Lamar County
2031,25011.34143157246,Lamar County
2032,25673.590772988224,Lamar County
2033,26060.840678032902,Lamar County
2034,26592.05719778691,Lamar County
