year,population_pred,county
2025,10500.63086020816,Lanier County
2026,10532.653182399115,Lanier County
2027,10569.115584764455,Lanier County
2028,10609.32408882292,Lanier County
2029,10654.319224117922,Lanier County
2030,10704.812498729438,Lanier County
2031,10761.619690349267,Lanier County
2032,10825.57303076071,Lanier County
2033,10897.530670208916,Lanier County
2034,10978.361989822442,Lanier County
