year,population_pred,county
2025,50707.15987092288,Laurens County
2026,51192.15317560784,Laurens County
2027,51719.60257736621,Laurens County
2028,52279.365300702244,Laurens County
2029,52859.45951513691,Laurens County
2030,53451.868069462005,Laurens County
2031,54050.11999052982,Laurens County
2032,54650.12258913105,Laurens County
2033,55249.52113426256,Laurens County
2034,55847.5533256033,Laurens County
