year,population_pred,county
2025,34400.46048425551,Lee County
2026,34689.02916592028,Lee County
2027,34896.65290221822,Lee County
2028,35164.57051292613,Lee County
2029,35449.74759469199,Lee County
2030,35695.30727420507,Lee County
2031,35951.71494601839,Lee County
2032,36226.67668947783,Lee County
2033,36489.20140774966,Lee County
2034,36749.81607821457,Lee County
