year,population_pred,county
2025,69382.0537575206,Liberty County
2026,69901.41447192419,Liberty County
2027,70401.10414925165,Liberty County
2028,71060.07010293819,Liberty County
2029,71685.94328459297,Liberty County
2030,72300.13129177227,Liberty County
2031,72979.85835990522,Liberty County
2032,73677.42879897906,Liberty County
2033,74383.11291963182,Liberty County
2034,75122.81044317654,Liberty County
