year,population_pred,county
2025,8240.517783094014,Lincoln County
2026,8367.00049059656,Lincoln County
2027,8473.714346598465,Lincoln County
2028,8606.323626800542,Lincoln County
2029,8737.413010497276,Lincoln County
2030,8844.754179240475,Lincoln County
2031,8941.879122611585,Lincoln County
2032,9038.053112988498,Lincoln County
2033,9126.06825721918,Lincoln County
2034,9202.217356248888,Lincoln County
