year,population_pred,county
2025,21362.836323448468,Long County
2026,22371.155727001194,Long County
2027,23370.45258344245,Long County
2028,24394.413143818885,Long County
2029,25461.45962329851,Long County
2030,26571.657970693366,Long County
2031,27732.02823333867,Long County
2032,28951.350544856745,Long County
2033,30236.194422517925,Long County
2034,31592.38851734155,Long County
