year,population_pred,county
2025,122866.84728894317,Lowndes County
2026,123659.22548474927,Lowndes County
2027,124835.96659721664,Lowndes County
2028,126006.50691870817,Lowndes County
2029,126901.47708020158,Lowndes County
2030,127825.72505987214,Lowndes County
2031,128971.68275548547,Lowndes County
2032,130104.98052510174,Lowndes County
2033,131090.12566476868,Lowndes County
2034,132109.54674314513,Lowndes County
