year,population_pred,county
2025,37302.60208012541,Lumpkin County
2026,38660.346275459495,Lumpkin County
2027,39835.26565315829,Lumpkin County
2028,40908.02042015535,Lumpkin County
2029,41988.552212917195,Lumpkin County
2030,43085.09377027734,Lumpkin County
2031,44168.27669652546,Lumpkin County
2032,45232.31313645773,Lumpkin County
2033,46291.36513548234,Lumpkin County
2034,47357.70332061527,Lumpkin County
