year,population_pred,county
2025,11837.949812315499,Macon County
2026,11874.358439703232,Macon County
2027,11937.444803279584,Macon County
2028,12040.905659716867,Macon County
2029,12197.700034226815,Macon County
2030,12420.226940005909,Macon County
2031,12721.960259838364,Macon County
2032,13115.427372519553,Macon County
2033,13610.272340163545,Macon County
2034,14211.153125831013,Macon County
