year,population_pred,county
2025,33655.36746114178,Madison County
2026,34153.40190459812,Madison County
2027,35154.81402682794,Madison County
2028,35630.895380320275,Madison County
2029,36787.91657606415,Madison County
2030,37225.66022289385,Madison County
2031,38582.715939420836,Madison County
2032,38952.3073809694,Madison County
2033,40563.73507399119,Madison County
2034,40818.372694696096,Madison County
