year,population_pred,county
2025,7708.610135406637,Marion County
2026,7911.446326147722,Marion County
2027,7989.297169362316,Marion County
2028,8221.282499461493,Marion County
2029,8279.857546560543,Marion County
2030,8536.84084068086,Marion County
2031,8564.891946782293,Marion County
2032,8854.531319761674,Marion County
2033,8846.050400631208,Marion County
2034,9183.017454975561,Marion County
