year,population_pred,county
2025,21830.034507645127,McDuffie County
2026,21794.640295855683,McDuffie County
2027,21821.93730769497,McDuffie County
2028,21810.816811963763,McDuffie County
2029,21823.39383138609,McDuffie County
2030,21821.48402734916,McDuffie County
2031,21828.529510119282,McDuffie County
2032,21830.111626058875,McDuffie County
2033,21835.073013077446,McDuffie County
2034,21837.96549092403,McDuffie County
