year,population_pred,county
2025,12005.225994403492,McIntosh County
2026,12274.520817864874,McIntosh County
2027,12570.257149115461,McIntosh County
2028,12847.195569283078,McIntosh County
2029,13136.576695579059,McIntosh County
2030,13452.444735906767,McIntosh County
2031,13778.629308844624,McIntosh County
2032,14114.565320052734,McIntosh County
2033,14468.711656130998,McIntosh County
2034,14839.420211065915,McIntosh County
