year,population_pred,county
2025,21922.76933158227,Meriwether County
2026,22377.999931835275,Meriwether County
2027,22802.69570579505,Meriwether County
2028,23185.6655114518,Meriwether County
2029,23517.479454869474,Meriwether County
2030,23792.46581652848,Meriwether County
2031,24008.24412276257,Meriwether County
2032,24165.174238990217,Meriwether County
2033,24265.695925020143,Meriwether County
2034,24313.630713549184,Meriwether County
