year,population_pred,county
2025,5893.856340501527,Miller County
2026,5995.329860557322,Miller County
2027,6124.5313265468985,Miller County
2028,6276.49780387089,Miller County
2029,6445.828205804058,Miller County
2030,6627.339498897235,Miller County
2031,6816.924642633242,Miller County
2032,7012.250263185377,Miller County
2033,7213.0863831206325,Miller County
2034,7421.193877338384,Miller County
