year,population_pred,county
2025,20241.8045556838,Mitchell County
2026,19721.113674976594,Mitchell County
2027,19419.986354152672,Mitchell County
2028,19307.392573001336,Mitchell County
2029,18713.20724622797,Mitchell County
2030,18593.61419918254,Mitchell County
2031,18363.04653152683,Mitchell County
2032,17786.27292283778,Mitchell County
2033,17824.056777790473,Mitchell County
2034,17407.510819347975,Mitchell County
