year,population_pred,county
2025,31955.293661826236,Monroe County
2026,33226.57965417729,Monroe County
2027,34427.64853635049,Monroe County
2028,34721.28438906107,Monroe County
2029,35845.42093385237,Monroe County
2030,37664.01538163428,Monroe County
2031,37915.613224305496,Monroe County
2032,38453.85364295567,Monroe County
2033,40977.10139299335,Monroe County
2034,41753.61528828944,Monroe County
