year,population_pred,county
2025,9050.833124094108,Montgomery County
2026,8114.466043904887,Montgomery County
2027,9957.470382941083,Montgomery County
2028,6062.893465199655,Montgomery County
2029,12763.165873769532,Montgomery County
2030,-6056.172161496467,Montgomery County
2031,13370.282048878707,Montgomery County
2032,47546.468647254194,Montgomery County
2033,-180122.80110202153,Montgomery County
2034,587128.459849053,Montgomery County
