year,population_pred,county
2025,22377.519177217797,Morgan County
2026,22838.04504001065,Morgan County
2027,23285.178177324287,Morgan County
2028,23744.948185954177,Morgan County
2029,24213.38336690002,Morgan County
2030,24683.784193656124,Morgan County
2031,25162.025232738903,Morgan County
2032,25647.332741130842,Morgan County
2033,26138.900907436073,Morgan County
2034,26638.42645675235,Morgan County
