year,population_pred,county
2025,41612.83725100062,Murray County
2026,42117.02937410012,Murray County
2027,42506.325558787925,Murray County
2028,42817.19955792696,Murray County
2029,43220.25017703351,Murray County
2030,43625.57267413174,Murray County
2031,43969.33255354749,Murray County
2032,44328.175686719704,Murray County
2033,44708.29733533407,Murray County
2034,45062.93096195321,Murray County
