year,population_pred,county
2025,201108.64970731715,Muscogee County
2026,200325.4020552602,Muscogee County
2027,199683.09586355175,Muscogee County
2028,199007.15588177298,Muscogee County
2029,198281.55235332545,Muscogee County
2030,197557.4606554604,Muscogee County
2031,196831.55826071263,Muscogee County
2032,196093.45892085688,Muscogee County
2033,195348.1691910856,Muscogee County
2034,194599.4162269251,Muscogee County
