year,population_pred,county
2025,126960.5108197275,Newton County
2026,130050.8955471149,Newton County
2027,133710.61380875082,Newton County
2028,137185.9196867405,Newton County
2029,140902.93042164843,Newton County
2030,145040.2866239574,Newton County
2031,149213.0770064476,Newton County
2032,153683.20535108147,Newton County
2033,158517.86337239755,Newton County
2034,163524.011260291,Newton County
