year,population_pred,county
2025,45261.4462134958,Oconee County
2026,45685.68389208295,Oconee County
2027,45930.78519220289,Oconee County
2028,46034.20250930748,Oconee County
2029,45943.431535968964,Oconee County
2030,45543.42959137232,Oconee County
2031,44786.517626772926,Oconee County
2032,43589.63218172279,Oconee County
2033,41777.504798367154,Oconee County
2034,39146.867596100084,Oconee County
