year,population_pred,county
2025,16562.46946511368,Oglethorpe County
2026,16910.584519284042,Oglethorpe County
2027,17279.98908873451,Oglethorpe County
2028,17669.426318697515,Oglethorpe County
2029,18053.702522447315,Oglethorpe County
2030,18441.424762290328,Oglethorpe County
2031,18840.206626140403,Oglethorpe County
2032,19244.688732619812,Oglethorpe County
2033,19654.20870302118,Oglethorpe County
2034,20071.90136162547,Oglethorpe County
