year,population_pred,county
2025,193610.69021828135,Paulding County
2026,199001.39623299433,Paulding County
2027,204634.50033417833,Paulding County
2028,210658.70830424153,Paulding County
2029,217074.22289268678,Paulding County
2030,223973.19839590223,Paulding County
2031,231387.15312982415,Paulding County
2032,239383.2039921526,Paulding County
2033,248003.51470516826,Paulding County
2034,257304.23917185445,Paulding County
