year,population_pred,county
2025,29576.921233765468,Peach County
2026,29929.250706731204,Peach County
2027,30294.570553764606,Peach County
2028,30658.390815975843,Peach County
2029,31017.167350710995,Peach County
2030,31375.24763546206,Peach County
2031,31732.504593646154,Peach County
2032,32087.99630642902,Peach County
2033,32442.3019777854,Peach County
2034,32795.98314629275,Peach County
