year,population_pred,county
2025,37926.31707462251,Pickens County
2026,38449.03360834327,Pickens County
2027,40078.49266878787,Pickens County
2028,40464.26837727781,Pickens County
2029,42499.39482412566,Pickens County
2030,42651.46213385203,Pickens County
2031,45262.85203995228,Pickens County
2032,45019.963231732836,Pickens County
2033,48451.02577026487,Pickens County
2034,47554.782525025264,Pickens County
