year,population_pred,county
2025,20891.60484331889,Pierce County
2026,21158.66268496109,Pierce County
2027,21390.036719062748,Pierce County
2028,21632.69687854852,Pierce County
2029,21900.90441136546,Pierce County
2030,22142.583030832502,Pierce County
2031,22401.698590008145,Pierce County
2032,22673.387330216025,Pierce County
2033,22928.136414844357,Pierce County
2034,23201.213363600134,Pierce County
