year,population_pred,county
2025,20999.85741457939,Pike County
2026,21383.326594106795,Pike County
2027,21735.25859781623,Pike County
2028,22099.244081691242,Pike County
2029,22482.92867943594,Pike County
2030,22870.215316838134,Pike County
2031,23265.492921422654,Pike County
2032,23671.975958360083,Pike County
2033,24087.230990490316,Pike County
2034,24511.5128641314,Pike County
