year,population_pred,county
2025,45141.50286986517,Polk County
2026,45489.2933801534,Polk County
2027,45975.946955861844,Polk County
2028,46380.532435660854,Polk County
2029,46855.423517734285,Polk County
2030,47296.47238524473,Polk County
2031,47775.7072893392,Polk County
2032,48244.035224276624,Polk County
2033,48735.52480437311,Polk County
2034,49227.029966323484,Polk County
