year,population_pred,county
2025,10282.274483275147,Pulaski County
2026,10383.3138279236,Pulaski County
2027,10506.207112315127,Pulaski County
2028,10650.618620953972,Pulaski County
2029,10825.910557137073,Pulaski County
2030,11037.816688103872,Pulaski County
2031,11293.229448374701,Pulaski County
2032,11597.630865589903,Pulaski County
2033,11955.268152597639,Pulaski County
2034,12368.179231527696,Pulaski County
