year,population_pred,county
2025,23650.412264877235,Putnam County
2026,23917.914435921088,Putnam County
2027,24156.393112194506,Putnam County
2028,24416.902346588144,Putnam County
2029,24687.67493700993,Putnam County
2030,24947.92107515043,Putnam County
2031,25214.92393280437,Putnam County
2032,25490.535945227533,Putnam County
2033,25764.67806923322,Putnam County
2034,26041.802447644062,Putnam County
