year,population_pred,county
2025,2365.951703316412,Quitman County
2026,2404.277566266758,Quitman County
2027,2438.6144880071747,Quitman County
2028,2467.7403888910435,Quitman County
2029,2490.5153261491855,Quitman County
2030,2506.380955561921,Quitman County
2031,2515.142666278081,Quitman County
2032,2516.871713164731,Quitman County
2033,2511.851543651601,Quitman County
2034,2500.5047314128883,Quitman County
