year,population_pred,county
2025,17907.486347675003,Rabun County
2026,18104.26652423045,Rabun County
2027,18305.758061996414,Rabun County
2028,18512.110467011407,Rabun County
2029,18724.522318066385,Rabun County
2030,18943.883402098523,Rabun County
2031,19171.130153449616,Rabun County
2032,19407.14619729846,Rabun County
2033,19652.782393855385,Rabun County
2034,19908.846101300092,Rabun County
