year,population_pred,county
2025,6050.578546144713,Randolph County
2026,6014.320937986073,Randolph County
2027,5979.426910973034,Randolph County
2028,5945.74240318348,Randolph County
2029,5912.986902317653,Randolph County
2030,5881.324384526447,Randolph County
2031,5851.0078327924175,Randolph County
2032,5822.277361186026,Randolph County
2033,5795.403912512309,Randolph County
2034,5770.715754902651,Randolph County
