year,population_pred,county
2025,205992.46564053957,Richmond County
2026,206281.6927676742,Richmond County
2027,206197.37790922134,Richmond County
2028,206342.6540045388,Richmond County
2029,206344.05366052265,Richmond County
2030,206433.03558026665,Richmond County
2031,206466.38941827774,Richmond County
2032,206532.9652775283,Richmond County
2033,206577.88176380153,Richmond County
2034,206635.27828451115,Richmond County
