year,population_pred,county
2025,98919.93172191313,Rockdale County
2026,100266.5337548159,Rockdale County
2027,101611.35020120791,Rockdale County
2028,102977.6747968757,Rockdale County
2029,104355.14643668185,Rockdale County
2030,105751.9135579194,Rockdale County
2031,107166.00357902123,Rockdale County
2032,108600.93687960118,Rockdale County
2033,110057.13262417383,Rockdale County
2034,111536.57763308469,Rockdale County
