year,population_pred,county
2025,4491.597695253179,Schley County
2026,4508.891094025478,Schley County
2027,4501.777924547007,Schley County
2028,4490.49098271916,Schley County
2029,4498.56537722411,Schley County
2030,4503.574196869311,Schley County
2031,4502.976145862874,Schley County
2032,4512.99381785324,Schley County
2033,4529.066989460845,Schley County
2034,4545.326067845641,Schley County
