year,population_pred,county
2025,14545.297826851955,Screven County
2026,14718.300630857366,Screven County
2027,14917.939892968016,Screven County
2028,15092.070676052243,Screven County
2029,15267.0622740393,Screven County
2030,15424.425359084265,Screven County
2031,15573.789546747761,Screven County
2032,15708.995703293363,Screven County
2033,15833.984936778728,Screven County
2034,15947.189324329325,Screven County
