year,population_pred,county
2025,9392.198954047744,Seminole County
2026,9442.499885582738,Seminole County
2027,9534.277779130483,Seminole County
2028,9632.452424781999,Seminole County
2029,9711.155949189055,Seminole County
2030,9791.470640585905,Seminole County
2031,9877.033820085322,Seminole County
2032,9960.475215960658,Seminole County
2033,10043.63901682496,Seminole County
2034,10129.263489655688,Seminole County
