year,population_pred,county
2025,71018.26197091397,Spalding County
2026,71919.99675037933,Spalding County
2027,72594.33913681087,Spalding County
2028,73300.7316483251,Spalding County
2029,74126.96937580858,Spalding County
2030,74925.4065419109,Spalding County
2031,75710.86427047648,Spalding County
2032,76545.04656071874,Spalding County
2033,77399.3911899291,Spalding County
2034,78256.96081906391,Spalding County
