year,population_pred,county
2025,27596.609662090512,Stephens County
2026,27789.38132078775,Stephens County
2027,28025.537109452318,Stephens County
2028,28241.045178861557,Stephens County
2029,28453.047413653734,Stephens County
2030,28678.968974087828,Stephens County
2031,28913.32764039454,Stephens County
2032,29151.412910850875,Stephens County
2033,29394.798107709215,Stephens County
2034,29644.48033882758,Stephens County
