year,population_pred,county
2025,4798.634147027485,Stewart County
2026,4834.185760533789,Stewart County
2027,4897.534577593437,Stewart County
2028,4944.1988580009765,Stewart County
2029,5001.677000600789,Stewart County
2030,5074.359663487542,Stewart County
2031,5153.637493371922,Stewart County
2032,5244.172540418954,Stewart County
2033,5348.659050572075,Stewart County
2034,5465.739329221327,Stewart County
