year,population_pred,county
2025,28960.60052738063,Sumter County
2026,28949.977001078427,Sumter County
2027,28929.848647410283,Sumter County
2028,28884.586355875254,Sumter County
2029,28811.97084952672,Sumter County
2030,28709.80037300792,Sumter County
2031,28573.23214797018,Sumter County
2032,28398.287108371656,Sumter County
2033,28181.976480943937,Sumter County
2034,27921.33391202889,Sumter County
