year,population_pred,county
2025,5806.542422955845,Talbot County
2026,5837.687198051006,Talbot County
2027,5868.97598828968,Talbot County
2028,5907.375377060288,Talbot County
2029,5946.284030125026,Talbot County
2030,5983.390544026693,Talbot County
2031,6019.783135702312,Talbot County
2032,6055.186599441468,Talbot County
2033,6088.473847138032,Talbot County
2034,6118.952644406394,Talbot County
