year,population_pred,county
2025,1642.0416400438103,Taliaferro County
2026,1659.2535644253574,Taliaferro County
2027,1676.1154496063307,Taliaferro County
2028,1693.171302957384,Taliaferro County
2029,1709.1622637516189,Taliaferro County
2030,1724.0649833454254,Taliaferro County
2031,1738.0332264109518,Taliaferro County
2032,1750.966074812365,Taliaferro County
2033,1762.816054322536,Taliaferro County
2034,1773.615047710449,Taliaferro County
