year,population_pred,county
2025,24105.440975971807,Tattnall County
2026,24308.570880309988,Tattnall County
2027,24388.607516868786,Tattnall County
2028,24232.744847574668,Tattnall County
2029,24317.72940197636,Tattnall County
2030,24455.2919779348,Tattnall County
2031,24362.828706241115,Tattnall County
2032,24362.83380429493,Tattnall County
2033,24498.064439537447,Tattnall County
2034,24477.541976359014,Tattnall County
