year,population_pred,county
2025,7771.106779008086,Taylor County
2026,7761.328642406962,Taylor County
2027,7747.693678098992,Taylor County
2028,7729.263374359531,Taylor County
2029,7705.92620630682,Taylor County
2030,7676.857092216952,Taylor County
2031,7641.229837327906,Taylor County
2032,7598.338891027193,Taylor County
2033,7547.4778586222965,Taylor County
2034,7487.91105356153,Taylor County
