year,population_pred,county
2025,11890.991297377263,Telfair County
2026,9526.980192313378,Telfair County
2027,9294.390057645816,Telfair County
2028,11665.989179104427,Telfair County
2029,7413.609125374276,Telfair County
2030,5551.962716645587,Telfair County
2031,9281.232881895283,Telfair County
2032,694.4172067463332,Telfair County
2033,-9385.523366718335,Telfair County
2034,-11769.396346277957,Telfair County
