year,population_pred,county
2025,8689.986456986931,Terrell County
2026,8675.221752117091,Terrell County
2027,8658.06465493796,Terrell County
2028,8639.388090667231,Terrell County
2029,8619.302284422558,Terrell County
2030,8598.061573612964,Terrell County
2031,8575.962013796932,Terrell County
2032,8553.283193362766,Terrell County
2033,8530.29208589394,Terrell County
2034,8507.248359620826,Terrell County
