year,population_pred,county
2025,46174.728521055775,Thomas County
2026,46215.841442541314,Thomas County
2027,46405.621513598264,Thomas County
2028,46601.288386809254,Thomas County
2029,46717.68776513779,Thomas County
2030,46844.726943283364,Thomas County
2031,47006.34815431859,Thomas County
2032,47152.26102939913,Thomas County
2033,47280.99857671742,Thomas County
2034,47418.26770750471,Thomas County
