year,population_pred,county
2025,41958.14828355057,Tift County
2026,42120.93570643674,Tift County
2027,42291.536110733236,Tift County
2028,42489.67214175149,Tift County
2029,42654.03066992879,Tift County
2030,42833.295792418125,Tift County
2031,43008.187041727244,Tift County
2032,43175.08301692221,Tift County
2033,43345.70649052051,Tift County
2034,43510.46746699714,Tift County
