year,population_pred,county
2025,27646.644299122967,Toombs County
2026,27873.969412295515,Toombs County
2027,28135.24227016627,Toombs County
2028,28342.06821114074,Toombs County
2029,28546.30674302746,Toombs County
2030,28768.155237912408,Toombs County
2031,28971.182671065202,Toombs County
2032,29158.871706969712,Toombs County
2033,29346.70546675022,Toombs County
2034,29525.571668266504,Toombs County
