year,population_pred,county
2025,13378.659660818314,Towns County
2026,13533.18113375799,Towns County
2027,13684.772095511988,Towns County
2028,13862.337192765714,Towns County
2029,14052.928103684942,Towns County
2030,14243.180301327131,Towns County
2031,14437.588079991554,Towns County
2032,14642.270355802579,Towns County
2033,14855.621617267818,Towns County
2034,15074.528828986116,Towns County
