year,population_pred,county
2025,6444.839122865155,Treutlen County
2026,6478.548301552225,Treutlen County
2027,6521.824097750527,Treutlen County
2028,6557.816343355521,Treutlen County
2029,6596.251634719267,Treutlen County
2030,6635.410626766101,Treutlen County
2031,6672.764496097608,Treutlen County
2032,6709.6906024168975,Treutlen County
2033,6745.356934695568,Treutlen County
2034,6779.160190536696,Treutlen County
