year,population_pred,county
2025,71936.66696733105,Troup County
2026,72212.30362548507,Troup County
2027,72316.18275492126,Troup County
2028,72227.4040270678,Troup County
2029,71921.28855992407,Troup County
2030,71371.27531361447,Troup County
2031,70545.14550144602,Troup County
2032,69402.48909322682,Troup County
2033,67888.57454547833,Troup County
2034,65924.83479870464,Troup County
