year,population_pred,county
2025,9140.039370141814,Turner County
2026,9262.653772869264,Turner County
2027,9387.67072046757,Turner County
2028,9513.106963512259,Turner County
2029,9638.702085968718,Turner County
2030,9764.816264737623,Turner County
2031,9892.097960118008,Turner County
2032,10021.234365540822,Turner County
2033,10152.83820011062,Turner County
2034,10287.397781525862,Turner County
