year,population_pred,county
2025,7690.556643838612,Twiggs County
2026,7680.995631847641,Twiggs County
2027,7681.091652796666,Twiggs County
2028,7669.8820146672515,Twiggs County
2029,7659.7276050119635,Twiggs County
2030,7649.989485655421,Twiggs County
2031,7635.10094443822,Twiggs County
2032,7615.483786068344,Twiggs County
2033,7590.6041411757415,Twiggs County
2034,7558.525865550677,Twiggs County
