year,population_pred,county
2025,28214.35762753331,Union County
2026,28966.423974217952,Union County
2027,29678.02706653858,Union County
2028,30378.12945604862,Union County
2029,31155.0976867668,Union County
2030,31981.22726015835,Union County
2031,32820.14784436841,Union County
2032,33696.1405918997,Union County
2033,34626.87402283172,Union County
2034,35600.51917540807,Union County
