year,population_pred,county
2025,28474.06561638833,Upson County
2026,28617.09019170699,Upson County
2027,28763.848522007258,Upson County
2028,28901.3536970316,Upson County
2029,29028.948952676335,Upson County
2030,29149.659449586492,Upson County
2031,29265.230881204865,Upson County
2032,29375.842659409616,Upson County
2033,29481.237660006835,Upson County
2034,29581.3640289303,Upson County
