year,population_pred,county
2025,69318.88301245979,Walker County
2026,69428.06314798254,Walker County
2027,69498.9287512393,Walker County
2028,69530.5944406114,Walker County
2029,69563.73974427576,Walker County
2030,69592.81299182212,Walker County
2031,69607.5965406953,Walker County
2032,69609.7882178202,Walker County
2033,69600.80451158967,Walker County
2034,69579.1576763801,Walker County
