year,population_pred,county
2025,113128.54642994356,Walton County
2026,117292.56149542995,Walton County
2027,120766.69216445019,Walton County
2028,124198.39375609509,Walton County
2029,128780.73916609591,Walton County
2030,132896.44425314356,Walton County
2031,136518.67520506762,Walton County
2032,141483.09999782938,Walton County
2033,146420.0390626488,Walton County
2034,150401.99513348565,Walton County
