year,population_pred,county
2025,36377.25262030952,Ware County
2026,36701.00520597274,Ware County
2027,36816.02626487799,Ware County
2028,36981.79244494935,Ware County
2029,37188.32133367913,Ware County
2030,37325.78851963711,Ware County
2031,37469.3468146277,Ware County
2032,37615.45602592613,Ware County
2033,37732.2395698422,Ware County
2034,37841.53118056685,Ware County
