year,population_pred,county
2025,5141.98293175212,Warren County
2026,5121.790516392964,Warren County
2027,5126.392532388092,Warren County
2028,5122.6066523846275,Warren County
2029,5112.190820582928,Warren County
2030,5106.420073198533,Warren County
2031,5098.203311394678,Warren County
2032,5086.397507183963,Warren County
2033,5073.841359760391,Warren County
2034,5059.056951356371,Warren County
