year,population_pred,county
2025,19667.75304829257,Washington County
2026,19556.966843079783,Washington County
2027,19538.36042476431,Washington County
2028,19528.277439156373,Washington County
2029,19471.639943108235,Washington County
2030,19399.388973788078,Washington County
2031,19359.212424584475,Washington County
2032,19353.46314626818,Washington County
2033,19356.663578720832,Washington County
2034,19360.434227685033,Washington County
