year,population_pred,county
2025,32719.686680918647,Wayne County
2026,33323.60148710507,Wayne County
2027,33952.06221450494,Wayne County
2028,34487.0887086929,Wayne County
2029,34970.70000186359,Wayne County
2030,35465.04948441722,Wayne County
2031,35895.115499235646,Wayne County
2032,36250.00662469672,Wayne County
2033,36599.862970756425,Wayne County
2034,36921.03877879851,Wayne County
