year,population_pred,county
2025,2290.5839968928367,Webster County
2026,2270.1306702383827,Webster County
2027,2238.404840719825,Webster County
2028,2210.6252795080973,Webster County
2029,2182.9116607162905,Webster County
2030,2152.7637130819667,Webster County
2031,2122.4287783115506,Webster County
2032,2091.0237923929617,Webster County
2033,2057.7783661746444,Webster County
2034,2022.4906983636765,Webster County
