year,population_pred,county
2025,6923.905851258953,Wheeler County
2026,7056.644055942031,Wheeler County
2027,6766.717775809624,Wheeler County
2028,7199.715662736937,Wheeler County
2029,6477.270034372769,Wheeler County
2030,7651.0559590651055,Wheeler County
2031,5675.052161847139,Wheeler County
2032,8637.809506262533,Wheeler County
2033,2929.5162015550013,Wheeler County
2034,9203.877644998269,Wheeler County
