year,population_pred,county
2025,105851.83467677569,Whitfield County
2026,106636.11521403432,Whitfield County
2027,107462.34056866377,Whitfield County
2028,108263.57903569221,Whitfield County
2029,109025.80281422159,Whitfield County
2030,109769.92227781987,Whitfield County
2031,110493.3487102766,Whitfield County
2032,111183.92407870492,Whitfield County
2033,111840.54100315364,Whitfield County
2034,112465.400070876,Whitfield County
