year,population_pred,county
2025,30291.64129009858,White County
2026,30455.533744374137,White County
2027,30811.841336714046,White County
2028,31570.17267268041,White County
2029,31826.360525892982,White County
2030,31779.24648747671,White County
2031,32397.083464674695,White County
2032,32948.5481817899,White County
2033,32639.18588999025,White County
2034,32751.19246396105,White County
