year,population_pred,county
2025,8979.524192689496,Wilcox County
2026,9064.055936790868,Wilcox County
2027,9138.744647105836,Wilcox County
2028,9209.208356006628,Wilcox County
2029,9270.809275215437,Wilcox County
2030,9323.652617085207,Wilcox County
2031,9366.21412506449,Wilcox County
2032,9398.079722805754,Wilcox County
2033,9418.760198316262,Wilcox County
2034,9428.157348350367,Wilcox County
