year,population_pred,county
2025,9563.340164160509,Wilkes County
2026,9564.692723239454,Wilkes County
2027,9561.264592689686,Wilkes County
2028,9555.70116049942,Wilkes County
2029,9546.051986205644,Wilkes County
2030,9532.095645575893,Wilkes County
2031,9512.998941241356,Wilkes County
2032,9488.1862341693,Wilkes County
2033,9457.014549510464,Wilkes County
2034,9418.88580690112,Wilkes County
