year,population_pred,county
2025,8697.941109057021,Wilkinson County
2026,8621.839448191791,Wilkinson County
2027,8613.359192909298,Wilkinson County
2028,8514.686740603871,Wilkinson County
2029,8448.175595015466,Wilkinson County
2030,8301.425462070727,Wilkinson County
2031,8160.799598372768,Wilkinson County
2032,7949.110743906857,Wilkinson County
2033,7728.196128388448,Wilkinson County
2034,7447.8531483660245,Wilkinson County
