year,population_pred,county
2025,20058.604619567206,Worth County
2026,20047.896400819594,Worth County
2027,19890.48589307464,Worth County
2028,19829.25787101506,Worth County
2029,19731.41568847799,Worth County
2030,19636.60297363183,Worth County
2031,19572.052689140728,Worth County
2032,19476.49283320666,Worth County
2033,19421.397701743783,Worth County
2034,19345.24670355434,Worth County
